[
  {
    "line": 1,
    "elements": [
      {
        "line": 3,
        "name": "Checking Login Functionality",
        "description": "",
        "id": "checking-and-verifying-amazon-functionality;checking-login-functionality",
        "type": "scenario",
        "keyword": "Scenario",
        "steps": [
          {
            "result": {
              "duration": 3466093300,
              "status": "passed"
            },
            "line": 5,
            "name": "User should open Chrome Browser",
            "match": {
              "location": "AmazonPages.user_should_open_Chrome_Browser()"
            },
            "keyword": "Given "
          },
          {
            "result": {
              "duration": 48119306500,
              "status": "passed"
            },
            "line": 6,
            "name": "User should Enter Url in Browser",
            "match": {
              "location": "AmazonPages.user_should_Enter_Url_in_Browser()"
            },
            "keyword": "When "
          },
          {
            "result": {
              "duration": 32500,
              "status": "passed"
            },
            "line": 7,
            "name": "User should Navigate to home page of amazon",
            "match": {
              "location": "AmazonPages.user_should_Navigate_to_home_page_of_amazon()"
            },
            "keyword": "When "
          },
          {
            "result": {
              "duration": 2759430300,
              "status": "passed"
            },
            "line": 8,
            "name": "User should click on signin PushButton",
            "match": {
              "location": "AmazonPages.user_should_click_on_signin_PushButton()"
            },
            "keyword": "Then "
          },
          {
            "result": {
              "duration": 56767500,
              "status": "passed"
            },
            "line": 9,
            "name": "User should enter E-mail or Phone number in Edit Box",
            "match": {
              "location": "AmazonPages.user_should_enter_E_mail_or_Phone_number_in_Edit_Box()"
            },
            "keyword": "And "
          },
          {
            "result": {
              "duration": 1849307800,
              "status": "passed"
            },
            "line": 10,
            "name": "User should Click on Continue in Pushbutton",
            "match": {
              "location": "AmazonPages.user_should_Click_on_Continue_in_Pushbutton()"
            },
            "keyword": "And "
          },
          {
            "result": {
              "duration": 51452600,
              "status": "passed"
            },
            "line": 11,
            "name": "User should enter  Password in Edit Box",
            "match": {
              "location": "AmazonPages.user_should_enter_Password_in_Edit_Box()"
            },
            "keyword": "And "
          },
          {
            "result": {
              "duration": 995271800,
              "status": "passed"
            },
            "line": 12,
            "name": "User should Click on Sign in Pushbutton",
            "match": {
              "location": "AmazonPages.user_should_Click_on_Sign_in_Pushbutton()"
            },
            "keyword": "And "
          },
          {
            "result": {
              "duration": 20000,
              "status": "passed"
            },
            "line": 13,
            "name": "User Should Navigate Home Page",
            "match": {
              "location": "AmazonPages.user_Should_Navigate_Home_Page()"
            },
            "keyword": "And "
          }
        ]
      }
    ],
    "name": "checking and verifying amazon functionality",
    "description": "",
    "id": "checking-and-verifying-amazon-functionality",
    "keyword": "Feature",
    "uri": "C:/Users/BhargavKella/eclipse-workspace/amazon/feature/amazon.feature"
  }
]